game_id,prob
2019-1181-1277,0.349951798
2019-1181-1261,0.709323148
2019-1181-1439,0.738201683
2019-1181-1280,0.935702098
2019-1181-1268,0.855370282
2019-1181-1257,0.91281942
2019-1181-1433,0.905018984
2019-1181-1416,0.974745703
2019-1181-1278,0.928603875
2019-1181-1125,0.974099215
2019-1181-1396,0.965181998
2019-1181-1251,0.97215221
2019-1181-1387,0.766273081
2019-1181-1463,0.975335097
2019-1181-1133,0.978181585
2019-1181-1295,0.987324938
2019-1181-1300,0.99264578
2019-1181-1211,0.172828272
2019-1181-1276,0.368293088
2019-1181-1403,0.517647356
2019-1181-1199,0.718408113
2019-1181-1266,0.739909487
2019-1181-1138,0.734647392
2019-1181-1305,0.821836764
2019-1181-1393,0.906466988
2019-1181-1124,0.980600285
2019-1181-1196,0.954467289
2019-1181-1113,0.971160632
2019-1181-1385,0.957724702
2019-1181-1293,0.952030424
2019-1181-1436,0.960119926
2019-1181-1297,0.979767086
2019-1181-1285,0.972870773
2019-1181-1192,0.989883913
2019-1181-1341,0.992390238
2019-1181-1314,0.320222409
2019-1181-1246,0.322223712
2019-1181-1222,0.669823966
2019-1181-1242,0.833535319
2019-1181-1120,0.925829259
2019-1181-1235,0.947599041
2019-1181-1459,0.908581184
2019-1181-1429,0.928512258
2019-1181-1449,0.929161132
2019-1181-1371,0.899828212
2019-1181-1326,0.942513819
2019-1181-1308,0.975333614
2019-1181-1318,0.97292135
2019-1181-1209,0.984655383
2019-1181-1101,0.986318797
2019-1181-1233,0.989254034
2019-1181-1438,0.358385424
2019-1181-1397,0.680533717
2019-1181-1345,0.750853953
2019-1181-1243,0.809805148
2019-1181-1458,0.783643582
2019-1181-1437,0.948922517
2019-1181-1153,0.946305693
2019-1181-1279,0.97383449
2019-1181-1328,0.981612719
2019-1181-1234,0.977019817
2019-1181-1388,0.985637041
2019-1181-1332,0.958277431
2019-1181-1414,0.985943117
2019-1181-1330,0.893619444
2019-1181-1159,0.990386723
2019-1181-1205,0.995441678
2019-1277-1261,0.422817758
2019-1277-1439,0.458212978
2019-1277-1280,0.813407204
2019-1277-1268,0.642578988
2019-1277-1257,0.755143009
2019-1277-1433,0.709420665
2019-1277-1416,0.908424235
2019-1277-1278,0.793042218
2019-1277-1125,0.918658714
2019-1277-1396,0.892719434
2019-1277-1251,0.912913466
2019-1277-1387,0.5
2019-1277-1463,0.922329901
2019-1277-1133,0.929801952
2019-1277-1295,0.952412299
2019-1277-1300,0.971958919
2019-1277-1211,0.061603623
2019-1277-1276,0.14797589
2019-1277-1403,0.243489538
2019-1277-1199,0.433606761
2019-1277-1266,0.460407694
2019-1277-1138,0.45368209
2019-1277-1305,0.580700961
2019-1277-1393,0.74368918
2019-1277-1124,0.938188249
2019-1277-1196,0.862774545
2019-1277-1113,0.910005299
2019-1277-1385,0.871740201
2019-1277-1293,0.856145195
2019-1277-1436,0.878409282
2019-1277-1297,0.935654677
2019-1277-1285,0.915028392
2019-1277-1192,0.967067453
2019-1277-1341,0.975079325
2019-1277-1314,0.123791391
2019-1277-1246,0.124790421
2019-1277-1222,0.379437658
2019-1277-1242,0.601029107
2019-1277-1120,0.788932895
2019-1277-1235,0.844259092
2019-1277-1459,0.748461509
2019-1277-1429,0.795485914
2019-1277-1449,0.797081587
2019-1277-1371,0.728957324
2019-1277-1326,0.830885151
2019-1277-1308,0.922325484
2019-1277-1318,0.915177494
2019-1277-1209,0.950652981
2019-1277-1101,0.955832223
2019-1277-1233,0.965068814
2019-1277-1438,0.142417681
2019-1277-1397,0.390652382
2019-1277-1345,0.474746911
2019-1277-1243,0.560862658
2019-1277-1458,0.520653411
2019-1277-1437,0.84778624
2019-1277-1153,0.840830852
2019-1277-1279,0.917874818
2019-1277-1328,0.941279313
2019-1277-1234,0.9273653
2019-1277-1388,0.953704738
2019-1277-1332,0.873273404
2019-1277-1414,0.954659057
2019-1277-1330,0.715517676
2019-1277-1159,0.968667156
2019-1277-1205,0.984963748
2019-1261-1439,0.469232618
2019-1261-1280,0.820060564
2019-1261-1268,0.648378041
2019-1261-1257,0.76619535
2019-1261-1433,0.718483041
2019-1261-1416,0.912049834
2019-1261-1278,0.8028386
2019-1261-1125,0.921584096
2019-1261-1396,0.896478132
2019-1261-1251,0.916376811
2019-1261-1387,0.506862088
2019-1261-1463,0.925133512
2019-1261-1133,0.933658005
2019-1261-1295,0.954381141
2019-1261-1300,0.973142426
2019-1261-1211,0.061479629
2019-1261-1276,0.153658584
2019-1261-1403,0.251756376
2019-1261-1199,0.444470192
2019-1261-1266,0.471436701
2019-1261-1138,0.464680114
2019-1261-1305,0.591712285
2019-1261-1393,0.752057789
2019-1261-1124,0.940709154
2019-1261-1196,0.867955819
2019-1261-1113,0.913573933
2019-1261-1385,0.876630151
2019-1261-1293,0.861537179
2019-1261-1436,0.883077874
2019-1261-1297,0.938272261
2019-1261-1285,0.918414755
2019-1261-1192,0.968450478
2019-1261-1341,0.976134487
2019-1261-1314,0.128685617
2019-1261-1246,0.129718297
2019-1261-1222,0.389619809
2019-1261-1242,0.612074988
2019-1261-1120,0.796235062
2019-1261-1235,0.850018733
2019-1261-1459,0.756725667
2019-1261-1429,0.802619415
2019-1261-1449,0.804173464
2019-1261-1371,0.737636332
2019-1261-1326,0.837042866
2019-1261-1308,0.925443591
2019-1261-1318,0.918558416
2019-1261-1209,0.952690971
2019-1261-1101,0.957665934
2019-1261-1233,0.966532779
2019-1261-1438,0.147923986
2019-1261-1397,0.401010443
2019-1261-1345,0.485820381
2019-1261-1243,0.571874733
2019-1261-1458,0.531723501
2019-1261-1437,0.853438144
2019-1261-1153,0.846694107
2019-1261-1279,0.921157027
2019-1261-1328,0.943681595
2019-1261-1234,0.930295753
2019-1261-1388,0.955622623
2019-1261-1332,0.878112813
2019-1261-1414,0.95653923
2019-1261-1330,0.724463891
2019-1261-1159,0.969985154
2019-1261-1205,0.98560681
2019-1439-1280,0.703021684
2019-1439-1268,0.5
2019-1439-1257,0.643682656
2019-1439-1433,0.581289687
2019-1439-1416,0.849105502
2019-1439-1278,0.688573325
2019-1439-1125,0.865021775
2019-1439-1396,0.825144698
2019-1439-1251,0.850514884
2019-1439-1387,0.350540464
2019-1439-1463,0.870788462
2019-1439-1133,0.88430102
2019-1439-1295,0.919158794
2019-1439-1300,0.951672081
2019-1439-1211,0.035370389
2019-1439-1276,0.089755397
2019-1439-1403,0.154504608
2019-1439-1199,0.30285458
2019-1439-1266,0.329888198
2019-1439-1138,0.320386677
2019-1439-1305,0.439902861
2019-1439-1393,0.624253679
2019-1439-1124,0.896040934
2019-1439-1196,0.7809858
2019-1439-1113,0.851548835
2019-1439-1385,0.794002841
2019-1439-1293,0.771468521
2019-1439-1436,0.803797153
2019-1439-1297,0.891969555
2019-1439-1285,0.859348975
2019-1439-1192,0.943451104
2019-1439-1341,0.956947466
2019-1439-1314,0.074256893
2019-1439-1246,0.074890333
2019-1439-1222,0.2567504
2019-1439-1242,0.460093912
2019-1439-1120,0.679680848
2019-1439-1235,0.754625997
2019-1439-1459,0.630565495
2019-1439-1429,0.688276831
2019-1439-1449,0.690381003
2019-1439-1371,0.605320582
2019-1439-1326,0.736002178
2019-1439-1308,0.870781505
2019-1439-1318,0.859581379
2019-1439-1209,0.916275345
2019-1439-1101,0.924783667
2019-1439-1233,0.940108724
2019-1439-1438,0.086162886
2019-1439-1397,0.266179975
2019-1439-1345,0.34197576
2019-1439-1243,0.420476166
2019-1439-1458,0.382509941
2019-1439-1437,0.759594825
2019-1439-1153,0.749819613
2019-1439-1279,0.86379434
2019-1439-1328,0.901027123
2019-1439-1234,0.878746793
2019-1439-1388,0.921281435
2019-1439-1332,0.796245994
2019-1439-1414,0.922851163
2019-1439-1330,0.588674074
2019-1439-1159,0.946133256
2019-1439-1205,0.973823826
2019-1280-1268,0.40018392
2019-1280-1257,0.540747272
2019-1280-1433,0.478341154
2019-1280-1416,0.788122276
2019-1280-1278,0.594626033
2019-1280-1125,0.809001351
2019-1280-1396,0.757300505
2019-1280-1251,0.789957677
2019-1280-1387,0.261079221
2019-1280-1463,0.816650062
2019-1280-1133,0.834752623
2019-1280-1295,0.882624732
2019-1280-1300,0.928740223
2019-1280-1211,0.023473807
2019-1280-1276,0.061235697
2019-1280-1403,0.107848557
2019-1280-1199,0.22322882
2019-1280-1266,0.242680513
2019-1280-1138,0.237723182
2019-1280-1305,0.344537937
2019-1280-1393,0.521475938
2019-1280-1124,0.850687768
2019-1280-1196,0.702265925
2019-1280-1113,0.791305799
2019-1280-1385,0.718260043
2019-1280-1293,0.690690049
2019-1280-1436,0.730418994
2019-1280-1297,0.845139612
2019-1280-1285,0.801521176
2019-1280-1192,0.916949995
2019-1280-1341,0.936353304
2019-1280-1314,0.0524037
2019-1280-1246,0.052875409
2019-1280-1222,0.186012056
2019-1280-1242,0.362312324
2019-1280-1120,0.584411863
2019-1280-1235,0.670445613
2019-1280-1459,0.527760441
2019-1280-1429,0.594282762
2019-1280-1449,0.596723163
2019-1280-1371,0.5
2019-1280-1326,0.648413658
2019-1280-1308,0.816640808
2019-1280-1318,0.801826776
2019-1280-1209,0.87860172
2019-1280-1101,0.890504298
2019-1280-1233,0.912181735
2019-1280-1438,0.061326995
2019-1280-1397,0.193520077
2019-1280-1345,0.253434723
2019-1280-1243,0.327770186
2019-1280-1458,0.289747275
2019-1280-1437,0.676386237
2019-1280-1153,0.664724372
2019-1280-1279,0.807379174
2019-1280-1328,0.857514063
2019-1280-1234,0.827280924
2019-1280-1388,0.885593317
2019-1280-1332,0.721035246
2019-1280-1414,0.887792462
2019-1280-1330,0.485770612
2019-1280-1159,0.920786885
2019-1280-1205,0.960968598
2019-1268-1257,0.481627402
2019-1268-1433,0.420090252
2019-1268-1416,0.745876849
2019-1268-1278,0.535818938
2019-1268-1125,0.768873792
2019-1268-1396,0.710244175
2019-1268-1251,0.756197812
2019-1268-1387,0.225661153
2019-1268-1463,0.777678479
2019-1268-1133,0.799389792
2019-1268-1295,0.855726535
2019-1268-1300,0.911398054
2019-1268-1211,0.018542676
2019-1268-1276,0.050872767
2019-1268-1403,0.08709023
2019-1268-1199,0.184864503
2019-1268-1266,0.201841876
2019-1268-1138,0.197501217
2019-1268-1305,0.290715502
2019-1268-1393,0.462377448
2019-1268-1124,0.817976839
2019-1268-1196,0.650520189
2019-1268-1113,0.749490638
2019-1268-1385,0.667979334
2019-1268-1293,0.641184438
2019-1268-1436,0.681344696
2019-1268-1297,0.811487079
2019-1268-1285,0.761125065
2019-1268-1192,0.897040373
2019-1268-1341,0.92071247
2019-1268-1314,0.041542218
2019-1268-1246,0.04191937
2019-1268-1222,0.152785696
2019-1268-1242,0.307883925
2019-1268-1120,0.52555961
2019-1268-1235,0.6178187
2019-1268-1459,0.468636545
2019-1268-1429,0.535474591
2019-1268-1449,0.537921877
2019-1268-1371,0.443632073
2019-1268-1326,0.593394469
2019-1268-1308,0.77845412
2019-1268-1318,0.761474025
2019-1268-1209,0.850934109
2019-1268-1101,0.865143936
2019-1268-1233,0.891257332
2019-1268-1438,0.048691123
2019-1268-1397,0.159214943
2019-1268-1345,0.211291254
2019-1268-1243,0.274508233
2019-1268-1458,0.243535106
2019-1268-1437,0.624572037
2019-1268-1153,0.611387209
2019-1268-1279,0.76782348
2019-1268-1328,0.825989001
2019-1268-1234,0.790729204
2019-1268-1388,0.859269715
2019-1268-1332,0.67102282
2019-1268-1414,0.861898253
2019-1268-1330,0.427278287
2019-1268-1159,0.901703741
2019-1268-1205,0.951064984
2019-1257-1433,0.314613766
2019-1257-1416,0.650574732
2019-1257-1278,0.419000447
2019-1257-1125,0.67946138
2019-1257-1396,0.610970114
2019-1257-1251,0.663014588
2019-1257-1387,0.156021892
2019-1257-1463,0.690294072
2019-1257-1133,0.713163569
2019-1257-1295,0.789882389
2019-1257-1300,0.86705056
2019-1257-1211,0.011774043
2019-1257-1276,0.032492918
2019-1257-1403,0.059555983
2019-1257-1199,0.125770087
2019-1257-1266,0.138240882
2019-1257-1138,0.135036554
2019-1257-1305,0.206350325
2019-1257-1393,0.355130977
2019-1257-1124,0.740229397
2019-1257-1196,0.541472365
2019-1257-1113,0.65491586
2019-1257-1385,0.560793561
2019-1257-1293,0.527827862
2019-1257-1436,0.575904289
2019-1257-1297,0.731889744
2019-1257-1285,0.668998776
2019-1257-1192,0.846673715
2019-1257-1341,0.880444318
2019-1257-1314,0.026475339
2019-1257-1246,0.02671787
2019-1257-1222,0.102654209
2019-1257-1242,0.220082375
2019-1257-1120,0.413051907
2019-1257-1235,0.5
2019-1257-1459,0.36064622
2019-1257-1429,0.422597697
2019-1257-1449,0.424971012
2019-1257-1371,0.338864458
2019-1257-1326,0.480045093
2019-1257-1308,0.690280883
2019-1257-1318,0.66942371
2019-1257-1209,0.783466119
2019-1257-1101,0.802591567
2019-1257-1233,0.838559939
2019-1257-1438,0.031082498
2019-1257-1397,0.107240957
2019-1257-1345,0.145254646
2019-1257-1243,0.193562887
2019-1257-1458,0.169588008
2019-1257-1437,0.511316445
2019-1257-1153,0.5
2019-1257-1279,0.677181479
2019-1257-1328,0.750602616
2019-1257-1234,0.70558132
2019-1257-1388,0.794648227
2019-1257-1332,0.564207825
2019-1257-1414,0.7981961
2019-1257-1330,0.321066565
2019-1257-1159,0.853255892
2019-1257-1205,0.925010268
2019-1433-1416,0.507312931
2019-1433-1278,0.257367901
2019-1433-1125,0.5
2019-1433-1396,0.425262851
2019-1433-1251,0.482196781
2019-1433-1387,0.080458373
2019-1433-1463,0.513369728
2019-1433-1133,0.544693157
2019-1433-1295,0.675190714
2019-1433-1300,0.7827375
2019-1433-1211,0.005575693
2019-1433-1276,0.015437857
2019-1433-1403,0.028532752
2019-1433-1199,0.063751212
2019-1433-1266,0.070568884
2019-1433-1138,0.068807901
2019-1433-1305,0.109576906
2019-1433-1393,0.205218376
2019-1433-1124,0.574501019
2019-1433-1196,0.360419719
2019-1433-1113,0.473208347
2019-1433-1385,0.377794433
2019-1433-1293,0.348506931
2019-1433-1436,0.391772522
2019-1433-1297,0.563850923
2019-1433-1285,0.488916105
2019-1433-1192,0.723103055
2019-1433-1341,0.776823103
2019-1433-1314,0.012563148
2019-1433-1246,0.012678814
2019-1433-1222,0.053446909
2019-1433-1242,0.117825097
2019-1433-1120,0.249581365
2019-1433-1235,0.328872563
2019-1433-1459,0.209356884
2019-1433-1429,0.257103797
2019-1433-1449,0.25898494
2019-1433-1371,0.193117943
2019-1433-1326,0.304095579
2019-1433-1308,0.513354315
2019-1433-1318,0.489395755
2019-1433-1209,0.633960504
2019-1433-1101,0.657985633
2019-1433-1233,0.710713714
2019-1433-1438,0.014763126
2019-1433-1397,0.056052055
2019-1433-1345,0.07444586
2019-1433-1243,0.102015565
2019-1433-1458,0.088140422
2019-1433-1437,0.334485723
2019-1433-1153,0.319618764
2019-1433-1279,0.5
2019-1433-1328,0.588060513
2019-1433-1234,0.531470232
2019-1433-1388,0.646798163
2019-1433-1332,0.380924233
2019-1433-1414,0.651775355
2019-1433-1330,0.182891934
2019-1433-1159,0.73329568
2019-1433-1205,0.853674689
2019-1416-1278,0.291976701
2019-1416-1125,0.544213536
2019-1416-1396,0.468014075
2019-1416-1251,0.525642457
2019-1416-1387,0.094298588
2019-1416-1463,0.55669107
2019-1416-1133,0.58786278
2019-1416-1295,0.712109324
2019-1416-1300,0.810887675
2019-1416-1211,0.006634244
2019-1416-1276,0.018361293
2019-1416-1403,0.033899803
2019-1416-1199,0.07495175
2019-1416-1266,0.082861225
2019-1416-1138,0.08082017
2019-1416-1305,0.12773025
2019-1416-1393,0.235033854
2019-1416-1124,0.617723447
2019-1416-1196,0.400003671
2019-1416-1113,0.516646121
2019-1416-1385,0.418472578
2019-1416-1293,0.38726215
2019-1416-1436,0.433210141
2019-1416-1297,0.607022374
2019-1416-1285,0.532351067
2019-1416-1192,0.756544189
2019-1416-1341,0.805544912
2019-1416-1314,0.014944529
2019-1416-1246,0.015082034
2019-1416-1222,0.06052935
2019-1416-1242,0.137134442
2019-1416-1120,0.283542858
2019-1416-1235,0.366167118
2019-1416-1459,0.239592378
2019-1416-1429,0.291691032
2019-1416-1449,0.293725185
2019-1416-1371,0.221665707
2019-1416-1326,0.344783138
2019-1416-1308,0.556675748
2019-1416-1318,0.532829489
2019-1416-1209,0.670789011
2019-1416-1101,0.69597896
2019-1416-1233,0.745121424
2019-1416-1438,0.017559476
2019-1416-1397,0.063366802
2019-1416-1345,0.087350063
2019-1416-1243,0.119083773
2019-1416-1458,0.103153849
2019-1416-1437,0.372206638
2019-1416-1153,0.360463872
2019-1416-1279,0.541613504
2019-1416-1328,0.631405967
2019-1416-1234,0.574689899
2019-1416-1388,0.685440059
2019-1416-1332,0.421782466
2019-1416-1414,0.690133624
2019-1416-1330,0.210322074
2019-1416-1159,0.765907028
2019-1416-1205,0.874132537
2019-1278-1125,0.636130821
2019-1278-1396,0.560112725
2019-1278-1251,0.617453877
2019-1278-1387,0.130910584
2019-1278-1463,0.644899353
2019-1278-1133,0.66951566
2019-1278-1295,0.753858252
2019-1278-1300,0.841554867
2019-1278-1211,0.009595761
2019-1278-1276,0.0265185
2019-1278-1403,0.048774881
2019-1278-1199,0.10492239
2019-1278-1266,0.115599371
2019-1278-1138,0.112851128
2019-1278-1305,0.174816768
2019-1278-1393,0.307721778
2019-1278-1124,0.698959432
2019-1278-1196,0.490343477
2019-1278-1113,0.608467946
2019-1278-1385,0.509774393
2019-1278-1293,0.476670555
2019-1278-1436,0.524982556
2019-1278-1297,0.689851
2019-1278-1285,0.624178917
2019-1278-1192,0.818096065
2019-1278-1341,0.857099564
2019-1278-1314,0.021595958
2019-1278-1246,0.021794214
2019-1278-1222,0.085264503
2019-1278-1242,0.186944662
2019-1278-1120,0.365768514
2019-1278-1235,0.453532988
2019-1278-1459,0.313113065
2019-1278-1429,0.37467659
2019-1278-1449,0.376898905
2019-1278-1371,0.291796298
2019-1278-1326,0.429474035
2019-1278-1308,0.644885226
2019-1278-1318,0.624659398
2019-1278-1209,0.746699413
2019-1278-1101,0.768095752
2019-1278-1233,0.808817947
2019-1278-1438,0.025364056
2019-1278-1397,0.089151445
2019-1278-1345,0.12162654
2019-1278-1243,0.163580655
2019-1278-1458,0.142662382
2019-1278-1437,0.460220584
2019-1278-1153,0.447172653
2019-1278-1279,0.633504089
2019-1278-1328,0.710333863
2019-1278-1234,0.661327758
2019-1278-1388,0.759188208
2019-1278-1332,0.513211417
2019-1278-1414,0.763163022
2019-1278-1330,0.278146252
2019-1278-1159,0.825648854
2019-1278-1205,0.909514345
2019-1125-1396,0.483869986
2019-1125-1251,0.543245071
2019-1125-1387,0.100507757
2019-1125-1463,0.573095743
2019-1125-1133,0.605414854
2019-1125-1295,0.692868366
2019-1125-1300,0.796340326
2019-1125-1211,0.007119659
2019-1125-1276,0.019700651
2019-1125-1403,0.036352918
2019-1125-1199,0.079999528
2019-1125-1266,0.088390786
2019-1125-1138,0.086226331
2019-1125-1305,0.135810657
2019-1125-1393,0.247972594
2019-1125-1124,0.63542339
2019-1125-1196,0.416772105
2019-1125-1113,0.534271478
2019-1125-1385,0.435588223
2019-1125-1293,0.403742865
2019-1125-1436,0.450539429
2019-1125-1297,0.624654533
2019-1125-1285,0.549935934
2019-1125-1192,0.769324581
2019-1125-1341,0.816390071
2019-1125-1314,0.016035928
2019-1125-1246,0.016183428
2019-1125-1222,0.064673726
2019-1125-1242,0.145710384
2019-1125-1120,0.298111398
2019-1125-1235,0.382098404
2019-1125-1459,0.252699173
2019-1125-1429,0.306499131
2019-1125-1449,0.308591561
2019-1125-1371,0.234093722
2019-1125-1326,0.36009032
2019-1125-1308,0.574209239
2019-1125-1318,0.5504131
2019-1125-1209,0.686197951
2019-1125-1101,0.710717566
2019-1125-1233,0.758308005
2019-1125-1438,0.018840724
2019-1125-1397,0.067691458
2019-1125-1345,0.093148754
2019-1125-1243,0.126696645
2019-1125-1458,0.109875364
2019-1125-1437,0.388303354
2019-1125-1153,0.376233928
2019-1125-1279,0.55917509
2019-1125-1328,0.645276641
2019-1125-1234,0.592218542
2019-1125-1388,0.700469553
2019-1125-1332,0.438951068
2019-1125-1414,0.705035418
2019-1125-1330,0.222295731
2019-1125-1159,0.778341867
2019-1125-1205,0.881716044
2019-1396-1251,0.599399986
2019-1396-1387,0.122881401
2019-1396-1463,0.629388273
2019-1396-1133,0.656971011
2019-1396-1295,0.738801315
2019-1396-1300,0.830634316
2019-1396-1211,0.008925308
2019-1396-1276,0.024674987
2019-1396-1403,0.045427623
2019-1396-1199,0.098306848
2019-1396-1266,0.10839215
2019-1396-1138,0.105794753
2019-1396-1305,0.164604751
2019-1396-1393,0.292497986
2019-1396-1124,0.68348978
2019-1396-1196,0.472252495
2019-1396-1113,0.59044932
2019-1396-1385,0.49165366
2019-1396-1293,0.458644672
2019-1396-1436,0.506876981
2019-1396-1297,0.674131575
2019-1396-1285,0.606090648
2019-1396-1192,0.807040013
2019-1396-1341,0.847966537
2019-1396-1314,0.020091767
2019-1396-1246,0.02027632
2019-1396-1222,0.079777957
2019-1396-1242,0.176175455
2019-1396-1120,0.349898306
2019-1396-1235,0.435717554
2019-1396-1459,0.297737262
2019-1396-1429,0.358545795
2019-1396-1449,0.360704438
2019-1396-1371,0.277045086
2019-1396-1326,0.412022249
2019-1396-1308,0.630514338
2019-1396-1318,0.606568418
2019-1396-1209,0.732743015
2019-1396-1101,0.754928242
2019-1396-1233,0.797341105
2019-1396-1438,0.023599947
2019-1396-1397,0.083437598
2019-1396-1345,0.114092023
2019-1396-1243,0.153902573
2019-1396-1458,0.134023582
2019-1396-1437,0.442330574
2019-1396-1153,0.429438836
2019-1396-1279,0.615357412
2019-1396-1328,0.695193666
2019-1396-1234,0.644906879
2019-1396-1388,0.745683996
2019-1396-1332,0.5
2019-1396-1414,0.749807599
2019-1396-1330,0.263828035
2019-1396-1159,0.814945493
2019-1396-1205,0.903366771
2019-1251-1387,0.099718667
2019-1251-1463,0.583009842
2019-1251-1133,0.61423771
2019-1251-1295,0.701828981
2019-1251-1300,0.803148193
2019-1251-1211,0.007376193
2019-1251-1276,0.020408144
2019-1251-1403,0.037647159
2019-1251-1199,0.082645217
2019-1251-1266,0.09128645
2019-1251-1138,0.089058014
2019-1251-1305,0.140021174
2019-1251-1393,0.25463581
2019-1251-1124,0.644347893
2019-1251-1196,0.425302305
2019-1251-1113,0.543090098
2019-1251-1385,0.444264337
2019-1251-1293,0.412145552
2019-1251-1436,0.459298653
2019-1251-1297,0.633536102
2019-1251-1285,0.558734903
2019-1251-1192,0.775553093
2019-1251-1341,0.821649054
2019-1251-1314,0.016612545
2019-1251-1246,0.016765322
2019-1251-1222,0.066849397
2019-1251-1242,0.150174481
2019-1251-1120,0.305574459
2019-1251-1235,0.390246088
2019-1251-1459,0.25944558
2019-1251-1429,0.314078214
2019-1251-1449,0.316198795
2019-1251-1371,0.240503263
2019-1251-1326,0.367934765
2019-1251-1308,0.582994537
2019-1251-1318,0.559211555
2019-1251-1209,0.693773406
2019-1251-1101,0.717944612
2019-1251-1233,0.764741823
2019-1251-1438,0.019517551
2019-1251-1397,0.069961054
2019-1251-1345,0.096183843
2019-1251-1243,0.130667328
2019-1251-1458,0.113387316
2019-1251-1437,0.396529168
2019-1251-1153,0.384304488
2019-1251-1279,0.567965543
2019-1251-1328,0.65334085
2019-1251-1234,0.601016728
2019-1251-1388,0.707847254
2019-1251-1332,0.447648391
2019-1251-1414,0.712346888
2019-1251-1330,0.228478601
2019-1251-1159,0.784396295
2019-1251-1205,0.885365855
2019-1387-1463,0.894795196
2019-1387-1133,0.906055237
2019-1387-1295,0.934816832
2019-1387-1300,0.961293946
2019-1387-1211,0.044477033
2019-1387-1276,0.110636037
2019-1387-1403,0.187347956
2019-1387-1199,0.356136875
2019-1387-1266,0.380440198
2019-1387-1138,0.37428006
2019-1387-1305,0.5
2019-1387-1393,0.675139117
2019-1387-1124,0.915786579
2019-1387-1196,0.818182272
2019-1387-1113,0.878646903
2019-1387-1385,0.829483049
2019-1387-1293,0.809878991
2019-1387-1436,0.837942926
2019-1387-1297,0.91241705
2019-1387-1285,0.885210628
2019-1387-1192,0.954631167
2019-1387-1341,0.965557736
2019-1387-1314,0.091895965
2019-1387-1246,0.092664813
2019-1387-1222,0.303525822
2019-1387-1242,0.518074241
2019-1387-1120,0.728034973
2019-1387-1235,0.795101214
2019-1387-1459,0.680638654
2019-1387-1429,0.735838388
2019-1387-1449,0.737744065
2019-1387-1371,0.658279763
2019-1387-1326,0.778636413
2019-1387-1308,0.894789382
2019-1387-1318,0.885405836
2019-1387-1209,0.932452541
2019-1387-1101,0.939421421
2019-1387-1233,0.951916036
2019-1387-1438,0.106305371
2019-1387-1397,0.313947682
2019-1387-1345,0.393723822
2019-1387-1243,0.477638622
2019-1387-1458,0.437670463
2019-1387-1437,0.799471986
2019-1387-1153,0.790864516
2019-1387-1279,0.88894098
2019-1387-1328,0.919905731
2019-1387-1234,0.901434751
2019-1387-1388,0.936555622
2019-1387-1332,0.83142387
2019-1387-1414,0.937840573
2019-1387-1330,0.646758072
2019-1387-1159,0.956807364
2019-1387-1205,0.979134906
2019-1463-1133,0.627729591
2019-1463-1295,0.712998352
2019-1463-1300,0.811553437
2019-1463-1211,0.007784968
2019-1463-1276,0.021534993
2019-1463-1403,0.039706198
2019-1463-1199,0.086829995
2019-1463-1266,0.095863059
2019-1463-1138,0.093534401
2019-1463-1305,0.146646773
2019-1463-1393,0.265013478
2019-1463-1124,0.653184557
2019-1463-1196,0.438435888
2019-1463-1113,0.556506156
2019-1463-1385,0.457581379
2019-1463-1293,0.425109721
2019-1463-1436,0.472711477
2019-1463-1297,0.647138546
2019-1463-1285,0.572128228
2019-1463-1192,0.784813976
2019-1463-1341,0.82943622
2019-1463-1314,0.017531101
2019-1463-1246,0.017692277
2019-1463-1222,0.070295633
2019-1463-1242,0.157192693
2019-1463-1120,0.317144837
2019-1463-1235,0.402855483
2019-1463-1459,0.269948281
2019-1463-1429,0.32940761
2019-1463-1449,0.331444045
2019-1463-1371,0.250498521
2019-1463-1326,0.380102963
2019-1463-1308,0.596390041
2019-1463-1318,0.572604421
2019-1463-1209,0.705117638
2019-1463-1101,0.728744026
2019-1463-1233,0.774316899
2019-1463-1438,0.020595604
2019-1463-1397,0.073555059
2019-1463-1345,0.100978698
2019-1463-1243,0.136920792
2019-1463-1458,0.118926934
2019-1463-1437,0.40924912
2019-1463-1153,0.39680339
2019-1463-1279,0.581353218
2019-1463-1328,0.665460486
2019-1463-1234,0.614454277
2019-1463-1388,0.718881601
2019-1463-1332,0.460990715
2019-1463-1414,0.723277839
2019-1463-1330,0.238130799
2019-1463-1159,0.793391434
2019-1463-1205,0.890737596
2019-1133-1295,0.707248401
2019-1133-1300,0.807237568
2019-1133-1211,0.007570642
2019-1133-1276,0.020944251
2019-1133-1403,0.038627127
2019-1133-1199,0.084640588
2019-1133-1266,0.093469197
2019-1133-1138,0.091192824
2019-1133-1305,0.143185596
2019-1133-1393,0.259608519
2019-1133-1124,0.646830021
2019-1133-1196,0.431619205
2019-1133-1113,0.54956524
2019-1133-1385,0.450675691
2019-1133-1293,0.418376813
2019-1133-1436,0.465760808
2019-1133-1297,0.640087035
2019-1133-1285,0.56519765
2019-1133-1192,0.780055389
2019-1133-1341,0.825439703
2019-1133-1314,0.01704953
2019-1133-1246,0.017206304
2019-1133-1222,0.068491869
2019-1133-1242,0.153527396
2019-1133-1120,0.311126717
2019-1133-1235,0.396300703
2019-1133-1459,0.264478891
2019-1133-1429,0.319713847
2019-1133-1449,0.321854624
2019-1133-1371,0.245290804
2019-1133-1326,0.373772894
2019-1133-1308,0.589454508
2019-1133-1318,0.565674022
2019-1133-1209,0.699276459
2019-1133-1101,0.723186822
2019-1133-1233,0.769395532
2019-1133-1438,0.020030435
2019-1133-1397,0.071674107
2019-1133-1345,0.098471002
2019-1133-1243,0.133653213
2019-1133-1458,0.116031041
2019-1133-1437,0.402638528
2019-1133-1153,0.390304612
2019-1133-1279,0.574424294
2019-1133-1328,0.659213522
2019-1133-1234,0.607493521
2019-1133-1388,0.713202037
2019-1133-1332,0.454072999
2019-1133-1414,0.717652143
2019-1133-1330,0.233100237
2019-1133-1159,0.788770431
2019-1133-1205,0.887985565
2019-1295-1300,0.751267
2019-1295-1211,0.005500994
2019-1295-1276,0.015231431
2019-1295-1403,0.028153173
2019-1295-1199,0.062950649
2019-1295-1266,0.069689079
2019-1295-1138,0.067948447
2019-1295-1305,0.108267425
2019-1295-1393,0.203026569
2019-1295-1124,0.571154117
2019-1295-1196,0.357459413
2019-1295-1113,0.469848637
2019-1295-1385,0.37474037
2019-1295-1293,0.345614116
2019-1295-1436,0.388649107
2019-1295-1297,0.560501818
2019-1295-1285,0.485545584
2019-1295-1192,0.720393387
2019-1295-1341,0.774473832
2019-1295-1314,0.012395037
2019-1295-1246,0.01250916
2019-1295-1222,0.05274779
2019-1295-1242,0.116429936
2019-1295-1120,0.24706303
2019-1295-1235,0.322297244
2019-1295-1459,0.207132396
2019-1295-1429,0.254535304
2019-1295-1449,0.256404139
2019-1295-1371,0.191024311
2019-1295-1326,0.301247992
2019-1295-1308,0.509983031
2019-1295-1318,0.486025048
2019-1295-1209,0.630572545
2019-1295-1101,0.654942986
2019-1295-1233,0.707931858
2019-1295-1438,0.014565685
2019-1295-1397,0.055320516
2019-1295-1345,0.073521543
2019-1295-1243,0.100786217
2019-1295-1458,0.087062067
2019-1295-1437,0.331673946
2019-1295-1153,0.316691966
2019-1295-1279,0.494838593
2019-1295-1328,0.584712757
2019-1295-1234,0.528106226
2019-1295-1388,0.647482575
2019-1295-1332,0.3778541
2019-1295-1414,0.648706957
2019-1295-1330,0.180884309
2019-1295-1159,0.730648492
2019-1295-1205,0.85197721
2019-1300-1211,0.006169212
2019-1300-1276,0.017077429
2019-1300-1403,0.031544838
2019-1300-1199,0.070064155
2019-1300-1266,0.077501063
2019-1300-1138,0.075581161
2019-1300-1305,0.119846861
2019-1300-1393,0.222215036
2019-1300-1124,0.599615624
2019-1300-1196,0.383141257
2019-1300-1113,0.5
2019-1300-1385,0.401185841
2019-1300-1293,0.370731844
2019-1300-1436,0.415641399
2019-1300-1297,0.588955659
2019-1300-1285,0.514207841
2019-1300-1192,0.742901814
2019-1300-1341,0.793888133
2019-1300-1314,0.013898581
2019-1300-1246,0.014026499
2019-1300-1222,0.058978422
2019-1300-1242,0.128756316
2019-1300-1120,0.269008694
2019-1300-1235,0.350239349
2019-1300-1459,0.226598582
2019-1300-1429,0.276900616
2019-1300-1449,0.278872234
2019-1300-1371,0.209376435
2019-1300-1326,0.329505372
2019-1300-1308,0.538596436
2019-1300-1318,0.514687383
2019-1300-1209,0.654539333
2019-1300-1101,0.680380108
2019-1300-1233,0.73106787
2019-1300-1438,0.016331384
2019-1300-1397,0.061837872
2019-1300-1345,0.081725399
2019-1300-1243,0.111665717
2019-1300-1458,0.096619274
2019-1300-1437,0.356101019
2019-1300-1153,0.344706965
2019-1300-1279,0.523493753
2019-1300-1328,0.613220614
2019-1300-1234,0.556646584
2019-1300-1388,0.669557268
2019-1300-1332,0.404427784
2019-1300-1414,0.674375215
2019-1300-1330,0.198501308
2019-1300-1159,0.752616218
2019-1300-1205,0.865895419
2019-1211-1276,0.122261018
2019-1211-1403,0.205173719
2019-1211-1199,0.381389179
2019-1211-1266,0.406736132
2019-1211-1138,0.400327742
2019-1211-1305,0.525859028
2019-1211-1393,0.700674427
2019-1211-1124,0.924516786
2019-1211-1196,0.834433633
2019-1211-1113,0.890213623
2019-1211-1385,0.844919251
2019-1211-1293,0.826711756
2019-1211-1436,0.85275067
2019-1211-1297,0.921038893
2019-1211-1285,0.896222186
2019-1211-1192,0.959508919
2019-1211-1341,0.969299425
2019-1211-1314,0.104015547
2019-1211-1246,0.104874083
2019-1211-1222,0.336472293
2019-1211-1242,0.552284153
2019-1211-1120,0.754362626
2019-1211-1235,0.816598674
2019-1211-1459,0.70972088
2019-1211-1429,0.761659574
2019-1211-1449,0.76343933
2019-1211-1371,0.688465848
2019-1211-1326,0.801419814
2019-1211-1308,0.90704117
2019-1211-1318,0.898633049
2019-1211-1209,0.940595877
2019-1211-1101,0.946771665
2019-1211-1233,0.957818285
2019-1211-1438,0.120074046
2019-1211-1397,0.34682995
2019-1211-1345,0.42636531
2019-1211-1243,0.511949366
2019-1211-1458,0.471605208
2019-1211-1437,0.82061693
2019-1211-1153,0.812699188
2019-1211-1279,0.901803074
2019-1211-1328,0.92945117
2019-1211-1234,0.912983774
2019-1211-1388,0.944233254
2019-1211-1332,0.8498456
2019-1211-1414,0.945371628
2019-1211-1330,0.673917375
2019-1211-1159,0.962133459
2019-1211-1205,0.981761999
2019-1276-1403,0.16671237
2019-1276-1199,0.322315422
2019-1276-1266,0.349013617
2019-1276-1138,0.343200523
2019-1276-1305,0.468196839
2019-1276-1393,0.64703872
2019-1276-1124,0.904187352
2019-1276-1196,0.799959124
2019-1276-1113,0.862665373
2019-1276-1385,0.808444239
2019-1276-1293,0.787057025
2019-1276-1436,0.817713518
2019-1276-1297,0.900401455
2019-1276-1285,0.872656477
2019-1276-1192,0.948088675
2019-1276-1341,0.960524782
2019-1276-1314,0.082547528
2019-1276-1246,0.083245332
2019-1276-1222,0.279269432
2019-1276-1242,0.488702178
2019-1276-1120,0.704151494
2019-1276-1235,0.775272865
2019-1276-1459,0.654568917
2019-1276-1429,0.71236886
2019-1276-1449,0.714377949
2019-1276-1371,0.634023064
2019-1276-1326,0.757708191
2019-1276-1308,0.883184996
2019-1276-1318,0.872907314
2019-1276-1209,0.924670517
2019-1276-1101,0.93238592
2019-1276-1233,0.946249733
2019-1276-1438,0.095645471
2019-1276-1397,0.289204256
2019-1276-1345,0.366950809
2019-1276-1243,0.448474415
2019-1276-1458,0.409307025
2019-1276-1437,0.779947162
2019-1276-1153,0.770746602
2019-1276-1279,0.876776458
2019-1276-1328,0.910810218
2019-1276-1234,0.890478096
2019-1276-1388,0.929211658
2019-1276-1332,0.814270037
2019-1276-1414,0.930634661
2019-1276-1330,0.617243433
2019-1276-1159,0.951688071
2019-1276-1205,0.976595371
2019-1403-1199,0.225963918
2019-1403-1266,0.245578595
2019-1403-1138,0.244552916
2019-1403-1305,0.347899724
2019-1403-1393,0.525395348
2019-1403-1124,0.852676431
2019-1403-1196,0.705539338
2019-1403-1113,0.797409298
2019-1403-1385,0.725751752
2019-1403-1293,0.694035248
2019-1403-1436,0.733500581
2019-1403-1297,0.849973417
2019-1403-1285,0.804011175
2019-1403-1192,0.918137798
2019-1403-1341,0.937281826
2019-1403-1314,0.054486788
2019-1403-1246,0.054976352
2019-1403-1222,0.192137684
2019-1403-1242,0.371206464
2019-1403-1120,0.594328672
2019-1403-1235,0.679212707
2019-1403-1459,0.537718217
2019-1403-1429,0.604212916
2019-1403-1449,0.606657892
2019-1403-1371,0.51250268
2019-1403-1326,0.6574674
2019-1403-1308,0.822558931
2019-1403-1318,0.808107914
2019-1403-1209,0.8828065
2019-1403-1101,0.894344139
2019-1403-1233,0.915329709
2019-1403-1438,0.060958472
2019-1403-1397,0.199832252
2019-1403-1345,0.261068561
2019-1403-1243,0.336076896
2019-1403-1458,0.298038263
2019-1403-1437,0.685069541
2019-1403-1153,0.673569554
2019-1403-1279,0.813526288
2019-1403-1328,0.862337678
2019-1403-1234,0.832927437
2019-1403-1388,0.889585058
2019-1403-1332,0.729001024
2019-1403-1414,0.89171641
2019-1403-1330,0.5
2019-1403-1159,0.923650916
2019-1403-1205,0.962438252
2019-1199-1266,0.410571715
2019-1199-1138,0.393690091
2019-1199-1305,0.518773598
2019-1199-1393,0.693429883
2019-1199-1124,0.922089055
2019-1199-1196,0.830465629
2019-1199-1113,0.887404461
2019-1199-1385,0.841154051
2019-1199-1293,0.82901819
2019-1199-1436,0.854772055
2019-1199-1297,0.918950511
2019-1199-1285,0.893549303
2019-1199-1192,0.958156487
2019-1199-1341,0.968262901
2019-1199-1314,0.101399476
2019-1199-1246,0.102238883
2019-1199-1222,0.330550857
2019-1199-1242,0.545226109
2019-1199-1120,0.749063128
2019-1199-1235,0.812301488
2019-1199-1459,0.70383772
2019-1199-1429,0.756466213
2019-1199-1449,0.75827231
2019-1199-1371,0.682344826
2019-1199-1326,0.796857623
2019-1199-1308,0.904618899
2019-1199-1318,0.896015435
2019-1199-1209,0.938991698
2019-1199-1101,0.945324689
2019-1199-1233,0.956657793
2019-1199-1438,0.11710688
2019-1199-1397,0.34078279
2019-1199-1345,0.419514321
2019-1199-1243,0.5
2019-1199-1458,0.464544068
2019-1199-1437,0.816392205
2019-1199-1153,0.808332614
2019-1199-1279,0.899258639
2019-1199-1328,0.927568545
2019-1199-1234,0.910701945
2019-1199-1388,0.94272141
2019-1199-1332,0.846178093
2019-1199-1414,0.943888831
2019-1199-1330,0.667648519
2019-1199-1159,0.961086768
2019-1199-1205,0.981246931
2019-1266-1138,0.120427122
2019-1266-1305,0.185681933
2019-1266-1393,0.323607874
2019-1266-1124,0.71420614
2019-1266-1196,0.508729226
2019-1266-1113,0.626835737
2019-1266-1385,0.528138937
2019-1266-1293,0.506173736
2019-1266-1436,0.554383151
2019-1266-1297,0.705364402
2019-1266-1285,0.642659354
2019-1266-1192,0.828807253
2019-1266-1341,0.86589362
2019-1266-1314,0.02380363
2019-1266-1246,0.024021952
2019-1266-1222,0.093208331
2019-1266-1242,0.202266881
2019-1266-1120,0.387922056
2019-1266-1235,0.477831508
2019-1266-1459,0.337615491
2019-1266-1429,0.39716072
2019-1266-1449,0.399462384
2019-1266-1371,0.312410272
2019-1266-1326,0.453452237
2019-1266-1308,0.666952167
2019-1266-1318,0.64533125
2019-1266-1209,0.764752871
2019-1266-1101,0.785068991
2019-1266-1233,0.823511365
2019-1266-1438,0.027952167
2019-1266-1397,0.097418841
2019-1266-1345,0.132467509
2019-1266-1243,0.177405795
2019-1266-1458,0.155047353
2019-1266-1437,0.484573536
2019-1266-1153,0.471405973
2019-1266-1279,0.653361625
2019-1266-1328,0.730037378
2019-1266-1234,0.682875436
2019-1266-1388,0.776620922
2019-1266-1332,0.537610367
2019-1266-1414,0.780392425
2019-1266-1330,0.298201948
2019-1266-1159,0.839311398
2019-1266-1205,0.917246513
2019-1138-1305,0.187975127
2019-1138-1393,0.330444586
2019-1138-1124,0.71727732
2019-1138-1196,0.512501309
2019-1138-1113,0.636052005
2019-1138-1385,0.537289113
2019-1138-1293,0.5
2019-1138-1436,0.547064325
2019-1138-1297,0.712936807
2019-1138-1285,0.646471686
2019-1138-1192,0.830942878
2019-1138-1341,0.867640638
2019-1138-1314,0.024163716
2019-1138-1246,0.024385305
2019-1138-1222,0.094491995
2019-1138-1242,0.204713408
2019-1138-1120,0.391413634
2019-1138-1235,0.481597969
2019-1138-1459,0.340801162
2019-1138-1429,0.400699747
2019-1138-1449,0.403012635
2019-1138-1371,0.315661889
2019-1138-1326,0.457186413
2019-1138-1308,0.670296598
2019-1138-1318,0.648778457
2019-1138-1209,0.767458818
2019-1138-1101,0.787607242
2019-1138-1233,0.825698872
2019-1138-1438,0.028374182
2019-1138-1397,0.098754178
2019-1138-1345,0.134211826
2019-1138-1243,0.179619325
2019-1138-1458,0.157035173
2019-1138-1437,0.488344105
2019-1138-1153,0.475166696
2019-1138-1279,0.656772294
2019-1138-1328,0.733002196
2019-1138-1234,0.686135226
2019-1138-1388,0.779230361
2019-1138-1332,0.541368466
2019-1138-1414,0.782970341
2019-1138-1330,0.301370498
2019-1138-1159,0.841341469
2019-1138-1205,0.918384681
2019-1305-1393,0.288085569
2019-1305-1124,0.678838381
2019-1305-1196,0.472874492
2019-1305-1113,0.585134349
2019-1305-1385,0.486302174
2019-1305-1293,0.453344514
2019-1305-1436,0.5
2019-1305-1297,0.669409177
2019-1305-1285,0.606712152
2019-1305-1192,0.803677969
2019-1305-1341,0.845178058
2019-1305-1314,0.020148529
2019-1305-1246,0.020333599
2019-1305-1222,0.079986105
2019-1305-1242,0.176586848
2019-1305-1120,0.35050929
2019-1305-1235,0.436409256
2019-1305-1459,0.298329724
2019-1305-1429,0.359167064
2019-1305-1449,0.361328235
2019-1305-1371,0.277612649
2019-1305-1326,0.412697797
2019-1305-1308,0.631225035
2019-1305-1318,0.607273361
2019-1305-1209,0.733297282
2019-1305-1101,0.755451951
2019-1305-1233,0.797798867
2019-1305-1438,0.023666527
2019-1305-1397,0.083654426
2019-1305-1345,0.114378572
2019-1305-1243,0.154271696
2019-1305-1458,0.134352598
2019-1305-1437,0.443025753
2019-1305-1153,0.430126815
2019-1305-1279,0.616064096
2019-1305-1328,0.695793421
2019-1305-1234,0.645555126
2019-1305-1388,0.746220767
2019-1305-1332,0.5
2019-1305-1414,0.750338601
2019-1305-1330,0.264378424
2019-1305-1159,0.815372929
2019-1305-1205,0.903613823
2019-1393-1124,0.798771701
2019-1393-1196,0.622345445
2019-1393-1113,0.724338404
2019-1393-1385,0.641865657
2019-1393-1293,0.608679628
2019-1393-1436,0.652526322
2019-1393-1297,0.790797114
2019-1393-1285,0.736728203
2019-1393-1192,0.885008261
2019-1393-1341,0.911187559
2019-1393-1314,0.03743561
2019-1393-1246,0.037776429
2019-1393-1222,0.139618318
2019-1393-1242,0.285859978
2019-1393-1120,0.5
2019-1393-1235,0.591552608
2019-1393-1459,0.442533071
2019-1393-1429,0.509133303
2019-1393-1449,0.511588694
2019-1393-1371,0.417978894
2019-1393-1326,0.567206986
2019-1393-1308,0.759708279
2019-1393-1318,0.741773103
2019-1393-1209,0.837010369
2019-1393-1101,0.852317264
2019-1393-1233,0.880581164
2019-1393-1438,0.043900129
2019-1393-1397,0.145588705
2019-1393-1345,0.194237827
2019-1393-1243,0.253995624
2019-1393-1458,0.22462041
2019-1393-1437,0.598261332
2019-1393-1153,0.585154301
2019-1393-1279,0.748472192
2019-1393-1328,0.810263722
2019-1393-1234,0.772713846
2019-1393-1388,0.845983217
2019-1393-1332,0.647317454
2019-1393-1414,0.848816414
2019-1393-1330,0.402044138
2019-1393-1159,0.891934945
2019-1393-1205,0.945919381
2019-1124-1196,0.373775446
2019-1124-1113,0.488172186
2019-1124-1385,0.391555827
2019-1124-1293,0.361565266
2019-1124-1436,0.405827157
2019-1124-1297,0.578727808
2019-1124-1285,0.5
2019-1124-1192,0.736100033
2019-1124-1341,0.788045342
2019-1124-1314,0.013665066
2019-1124-1246,0.013790842
2019-1124-1222,0.05801407
2019-1124-1242,0.126864056
2019-1124-1120,0.265683801
2019-1124-1235,0.346589913
2019-1124-1459,0.223637509
2019-1124-1429,0.273514676
2019-1124-1449,0.27547137
2019-1124-1371,0.206580301
2019-1124-1326,0.322205051
2019-1124-1308,0.534368219
2019-1124-1318,0.510446052
2019-1124-1209,0.650690981
2019-1124-1101,0.676677411
2019-1124-1233,0.727717104
2019-1124-1438,0.016057177
2019-1124-1397,0.060829473
2019-1124-1345,0.080460495
2019-1124-1243,0.109992918
2019-1124-1458,0.095147735
2019-1124-1437,0.352409655
2019-1124-1153,0.341097505
2019-1124-1279,0.519256379
2019-1124-1328,0.6089904
2019-1124-1234,0.552429353
2019-1124-1388,0.665790786
2019-1124-1332,0.400428863
2019-1124-1414,0.670636633
2019-1124-1330,0.195814436
2019-1124-1159,0.74944142
2019-1124-1205,0.863907466
2019-1196-1113,0.68006267
2019-1196-1385,0.588914907
2019-1196-1293,0.556036696
2019-1196-1436,0.604043961
2019-1196-1297,0.753541834
2019-1196-1285,0.698658234
2019-1196-1192,0.860849065
2019-1196-1341,0.891886115
2019-1196-1314,0.030349769
2019-1196-1246,0.030627244
2019-1196-1222,0.116039251
2019-1196-1242,0.24460495
2019-1196-1120,0.446451186
2019-1196-1235,0.538903613
2019-1196-1459,0.391769768
2019-1196-1429,0.456267855
2019-1196-1449,0.458701181
2019-1196-1371,0.368745328
2019-1196-1326,0.514427262
2019-1196-1308,0.718902972
2019-1196-1318,0.699132671
2019-1196-1209,0.805921715
2019-1196-1101,0.823521595
2019-1196-1233,0.856371147
2019-1196-1438,0.035618188
2019-1196-1397,0.121143323
2019-1196-1345,0.163184159
2019-1196-1243,0.215948709
2019-1196-1458,0.189853898
2019-1196-1437,0.545626027
2019-1196-1153,0.532481023
2019-1196-1279,0.706499041
2019-1196-1328,0.775472748
2019-1196-1234,0.733336528
2019-1196-1388,0.8162228
2019-1196-1332,0.598352053
2019-1196-1414,0.819484723
2019-1196-1330,0.353979253
2019-1196-1159,0.869696539
2019-1196-1205,0.934006002
2019-1113-1385,0.509215829
2019-1113-1293,0.467846819
2019-1113-1436,0.516138133
2019-1113-1297,0.68688892
2019-1113-1285,0.615326069
2019-1113-1192,0.817762623
2019-1113-1341,0.856824948
2019-1113-1314,0.021356925
2019-1113-1246,0.021553005
2019-1113-1222,0.084396686
2019-1113-1242,0.185251546
2019-1113-1120,0.36329015
2019-1113-1235,0.450772366
2019-1113-1459,0.310713944
2019-1113-1429,0.372158573
2019-1113-1449,0.374371256
2019-1113-1371,0.289491673
2019-1113-1326,0.42676257
2019-1113-1308,0.645952972
2019-1113-1318,0.621862624
2019-1113-1209,0.744578923
2019-1113-1101,0.766097726
2019-1113-1233,0.807080832
2019-1113-1438,0.025083756
2019-1113-1397,0.088247883
2019-1113-1345,0.120437359
2019-1113-1243,0.162056961
2019-1113-1458,0.141300615
2019-1113-1437,0.457450423
2019-1113-1153,0.444422746
2019-1113-1279,0.630697282
2019-1113-1328,0.708028356
2019-1113-1234,0.658819612
2019-1113-1388,0.757137982
2019-1113-1332,0.51041825
2019-1113-1414,0.761135875
2019-1113-1330,0.275907436
2019-1113-1159,0.824030581
2019-1113-1205,0.908590027
2019-1385-1293,0.394421756
2019-1385-1436,0.440762317
2019-1385-1297,0.620119851
2019-1385-1285,0.540047575
2019-1385-1192,0.768158288
2019-1385-1341,0.815403397
2019-1385-1314,0.015789869
2019-1385-1246,0.015935117
2019-1385-1222,0.063742387
2019-1385-1242,0.143791474
2019-1385-1120,0.294878242
2019-1385-1235,0.378565681
2019-1385-1459,0.249783267
2019-1385-1429,0.303214304
2019-1385-1449,0.305294181
2019-1385-1371,0.231326051
2019-1385-1326,0.356692809
2019-1385-1308,0.570363975
2019-1385-1318,0.546559097
2019-1385-1209,0.682850612
2019-1385-1101,0.707520227
2019-1385-1233,0.755454869
2019-1385-1438,0.018551882
2019-1385-1397,0.066719761
2019-1385-1345,0.091847622
2019-1385-1243,0.124991494
2019-1385-1458,0.108368509
2019-1385-1437,0.384735292
2019-1385-1153,0.372735866
2019-1385-1279,0.55532542
2019-1385-1328,0.645292785
2019-1385-1234,0.588371066
2019-1385-1388,0.697207245
2019-1385-1332,0.435162049
2019-1385-1414,0.701801653
2019-1385-1330,0.219627549
2019-1385-1159,0.77565433
2019-1385-1205,0.880087015
2019-1293-1436,0.346503867
2019-1293-1297,0.5
2019-1293-1285,0.427788951
2019-1293-1192,0.670982799
2019-1293-1341,0.731039397
2019-1293-1314,0.010054525
2019-1293-1246,0.010147146
2019-1293-1222,0.042954298
2019-1293-1242,0.096545745
2019-1293-1120,0.210176118
2019-1293-1235,0.278329823
2019-1293-1459,0.174822941
2019-1293-1429,0.216854069
2019-1293-1449,0.218527342
2019-1293-1371,0.160718113
2019-1293-1326,0.259054469
2019-1293-1308,0.45772694
2019-1293-1318,0.434153018
2019-1293-1209,0.578395713
2019-1293-1101,0.607321116
2019-1293-1233,0.662807818
2019-1293-1438,0.011816415
2019-1293-1397,0.045066762
2019-1293-1345,0.060463909
2019-1293-1243,0.083321763
2019-1293-1458,0.071785921
2019-1293-1437,0.283787921
2019-1293-1153,0.273180981
2019-1293-1279,0.442783578
2019-1293-1328,0.532658797
2019-1293-1234,0.475770494
2019-1293-1388,0.595054816
2019-1293-1332,0.332268209
2019-1293-1414,0.600485661
2019-1293-1330,0.151884768
2019-1293-1159,0.687483595
2019-1293-1205,0.823492529
2019-1436-1297,0.509431726
2019-1436-1285,0.434789776
2019-1436-1192,0.677304742
2019-1436-1341,0.73666086
2019-1436-1314,0.010347792
2019-1436-1246,0.010443109
2019-1436-1222,0.044187284
2019-1436-1242,0.099085335
2019-1436-1120,0.214993379
2019-1436-1235,0.284147216
2019-1436-1459,0.179013566
2019-1436-1429,0.221781412
2019-1436-1449,0.223481855
2019-1436-1371,0.1646381
2019-1436-1326,0.264616704
2019-1436-1308,0.46486665
2019-1436-1318,0.441191241
2019-1436-1209,0.585535223
2019-1436-1101,0.614492691
2019-1436-1233,0.669209394
2019-1436-1438,0.01216094
2019-1436-1397,0.046358294
2019-1436-1345,0.06211964
2019-1436-1243,0.085546438
2019-1436-1458,0.073727363
2019-1436-1437,0.289673606
2019-1436-1153,0.278932352
2019-1436-1279,0.449865656
2019-1436-1328,0.539827559
2019-1436-1234,0.482950989
2019-1436-1388,0.602206595
2019-1436-1332,0.338293257
2019-1436-1414,0.607645062
2019-1436-1330,0.155629261
2019-1436-1159,0.693633282
2019-1436-1205,0.82764515
2019-1297-1285,0.421699177
2019-1297-1192,0.66539843
2019-1297-1341,0.726057796
2019-1297-1314,0.009804672
2019-1297-1246,0.009894994
2019-1297-1222,0.04190259
2019-1297-1242,0.094370947
2019-1297-1120,0.20602541
2019-1297-1235,0.273298884
2019-1297-1459,0.171219053
2019-1297-1429,0.212606981
2019-1297-1449,0.214256448
2019-1297-1371,0.157349538
2019-1297-1326,0.254249199
2019-1297-1308,0.451498232
2019-1297-1318,0.42802688
2019-1297-1209,0.572147648
2019-1297-1101,0.601055014
2019-1297-1233,0.657155597
2019-1297-1438,0.011522882
2019-1297-1397,0.043964987
2019-1297-1345,0.061689994
2019-1297-1243,0.081418006
2019-1297-1458,0.070125576
2019-1297-1437,0.278696424
2019-1297-1153,0.268208523
2019-1297-1279,0.436614019
2019-1297-1328,0.526378289
2019-1297-1234,0.469496317
2019-1297-1388,0.588801602
2019-1297-1332,0.323320836
2019-1297-1414,0.594227733
2019-1297-1330,0.148668537
2019-1297-1159,0.682046559
2019-1297-1205,0.819794368
2019-1285-1192,0.667647548
2019-1285-1341,0.728065957
2019-1285-1314,0.009904293
2019-1285-1246,0.009995532
2019-1285-1222,0.042322062
2019-1285-1242,0.095239316
2019-1285-1120,0.20768556
2019-1285-1235,0.275313157
2019-1285-1459,0.172659728
2019-1285-1429,0.21430585
2019-1285-1449,0.215964883
2019-1285-1371,0.158695861
2019-1285-1326,0.256172563
2019-1285-1308,0.453998043
2019-1285-1318,0.430483946
2019-1285-1209,0.574657782
2019-1285-1101,0.603571295
2019-1285-1233,0.659431761
2019-1285-1438,0.01163992
2019-1285-1397,0.044404442
2019-1285-1345,0.059613514
2019-1285-1243,0.082178001
2019-1285-1458,0.070788284
2019-1285-1437,0.280735111
2019-1285-1153,0.270199228
2019-1285-1279,0.439089088
2019-1285-1328,0.528902081
2019-1285-1234,0.472015517
2019-1285-1388,0.591313201
2019-1285-1332,0.329143164
2019-1285-1414,0.596741008
2019-1285-1330,0.149953802
2019-1285-1159,0.684236883
2019-1285-1205,0.821287218
2019-1192-1341,0.750703178
2019-1192-1314,0.010774746
2019-1192-1246,0.010873986
2019-1192-1222,0.045979439
2019-1192-1242,0.102757575
2019-1192-1120,0.221903207
2019-1192-1235,0.292451643
2019-1192-1459,0.185039601
2019-1192-1429,0.228845807
2019-1192-1449,0.230584366
2019-1192-1371,0.170280598
2019-1192-1326,0.272567663
2019-1192-1308,0.474940238
2019-1192-1318,0.451150197
2019-1192-1209,0.595582461
2019-1192-1101,0.624606251
2019-1192-1233,0.678107238
2019-1192-1438,0.012662498
2019-1192-1397,0.048235248
2019-1192-1345,0.064519989
2019-1192-1243,0.088766345
2019-1192-1458,0.076539641
2019-1192-1437,0.298072295
2019-1192-1153,0.287145503
2019-1192-1279,0.4598758
2019-1192-1328,0.549896602
2019-1192-1234,0.493063052
2019-1192-1388,0.61228325
2019-1192-1332,0.346894123
2019-1192-1414,0.617736497
2019-1192-1330,0.161022527
2019-1192-1159,0.702166634
2019-1192-1205,0.833354682
2019-1341-1314,0.00988762
2019-1341-1246,0.009978705
2019-1341-1222,0.042251868
2019-1341-1242,0.095094093
2019-1341-1120,0.207408184
2019-1341-1235,0.274976807
2019-1341-1459,0.172418951
2019-1341-1429,0.214022021
2019-1341-1449,0.21567946
2019-1341-1371,0.158470827
2019-1341-1326,0.255851341
2019-1341-1308,0.453581168
2019-1341-1318,0.430074053
2019-1341-1209,0.574239437
2019-1341-1101,0.603151824
2019-1341-1233,0.659052907
2019-1341-1438,0.011620331
2019-1341-1397,0.044330906
2019-1341-1345,0.059519041
2019-1341-1243,0.082050888
2019-1341-1458,0.070677432
2019-1341-1437,0.280394699
2019-1341-1153,0.269866799
2019-1341-1279,0.438676246
2019-1341-1328,0.528481512
2019-1341-1234,0.471595516
2019-1341-1388,0.590894556
2019-1341-1332,0.328794681
2019-1341-1414,0.596322064
2019-1341-1330,0.149738958
2019-1341-1159,0.683872393
2019-1341-1205,0.821039079
2019-1314-1246,0.206118028
2019-1314-1222,0.525599388
2019-1314-1242,0.732113091
2019-1314-1120,0.872030756
2019-1314-1235,0.908093921
2019-1314-1459,0.844295646
2019-1314-1429,0.877646729
2019-1314-1449,0.87869985
2019-1314-1371,0.830509457
2019-1314-1326,0.899565581
2019-1314-1308,0.955766444
2019-1314-1318,0.951538071
2019-1314-1209,0.972265438
2019-1314-1101,0.975236911
2019-1314-1233,0.980718117
2019-1314-1438,0.23241549
2019-1314-1397,0.538093923
2019-1314-1345,0.624344834
2019-1314-1243,0.699478381
2019-1314-1458,0.664472004
2019-1314-1437,0.910429239
2019-1314-1153,0.906028782
2019-1314-1279,0.953194262
2019-1314-1328,0.966893063
2019-1314-1234,0.958782977
2019-1314-1388,0.974050632
2019-1314-1332,0.926299654
2019-1314-1414,0.974597012
2019-1314-1330,0.821038459
2019-1314-1159,0.982561557
2019-1314-1205,0.991695749
2019-1246-1222,0.599123747
2019-1246-1242,0.786065287
2019-1246-1120,0.901617466
2019-1246-1235,0.929977032
2019-1246-1459,0.880779796
2019-1246-1429,0.905090997
2019-1246-1449,0.905931972
2019-1246-1371,0.869729209
2019-1246-1326,0.923316584
2019-1246-1308,0.966707669
2019-1246-1318,0.963484466
2019-1246-1209,0.979217211
2019-1246-1101,0.981688683
2019-1246-1233,0.985420636
2019-1246-1438,0.289288626
2019-1246-1397,0.611597808
2019-1246-1345,0.688990393
2019-1246-1243,0.757813639
2019-1246-1458,0.726944387
2019-1246-1437,0.931796077
2019-1246-1153,0.928366731
2019-1246-1279,0.964747774
2019-1246-1328,0.975155763
2019-1246-1234,0.969002851
2019-1246-1388,0.98056423
2019-1246-1332,0.944104244
2019-1246-1414,0.980976245
2019-1246-1330,0.860560644
2019-1246-1159,0.986968489
2019-1246-1205,0.993809337
2019-1222-1242,0.438078397
2019-1222-1120,0.65992772
2019-1222-1235,0.737448304
2019-1222-1459,0.608242247
2019-1222-1429,0.668795448
2019-1222-1449,0.670968245
2019-1222-1371,0.58313257
2019-1222-1326,0.718010107
2019-1222-1308,0.860368288
2019-1222-1318,0.84842096
2019-1222-1209,0.909052159
2019-1222-1101,0.918332806
2019-1222-1233,0.934882999
2019-1222-1438,0.079478345
2019-1222-1397,0.249340296
2019-1222-1345,0.319686718
2019-1222-1243,0.39953948
2019-1222-1458,0.362710041
2019-1222-1437,0.743147872
2019-1222-1153,0.732940587
2019-1222-1279,0.853074021
2019-1222-1328,0.89288633
2019-1222-1234,0.869028442
2019-1222-1388,0.914657377
2019-1222-1332,0.781574966
2019-1222-1414,0.916347792
2019-1222-1330,0.566831685
2019-1222-1159,0.941472039
2019-1222-1205,0.971485376
2019-1242-1120,0.5
2019-1242-1235,0.592009434
2019-1242-1459,0.442984819
2019-1242-1429,0.509593191
2019-1242-1449,0.512048499
2019-1242-1371,0.418420786
2019-1242-1326,0.567663584
2019-1242-1308,0.756921735
2019-1242-1318,0.738850598
2019-1242-1209,0.837261827
2019-1242-1101,0.852549297
2019-1242-1233,0.880774873
2019-1242-1438,0.044035437
2019-1242-1397,0.14597854
2019-1242-1345,0.194728236
2019-1242-1243,0.254589239
2019-1242-1458,0.225166092
2019-1242-1437,0.599039245
2019-1242-1153,0.585931015
2019-1242-1279,0.749061202
2019-1242-1328,0.810745278
2019-1242-1234,0.773263479
2019-1242-1388,0.846391632
2019-1242-1332,0.648031794
2019-1242-1414,0.849218662
2019-1242-1330,0.402781588
2019-1242-1159,0.89223666
2019-1242-1205,0.94607909
2019-1120-1235,0.665106466
2019-1120-1459,0.521755469
2019-1120-1429,0.588308337
2019-1120-1449,0.590746978
2019-1120-1371,0.5
2019-1120-1326,0.64659853
2019-1120-1308,0.810394709
2019-1120-1318,0.795205683
2019-1120-1209,0.876006322
2019-1120-1101,0.888132328
2019-1120-1233,0.910234572
2019-1120-1438,0.059988028
2019-1120-1397,0.189990167
2019-1120-1345,0.249149562
2019-1120-1243,0.319110782
2019-1120-1458,0.285082575
2019-1120-1437,0.671380852
2019-1120-1153,0.659629386
2019-1120-1279,0.803807058
2019-1120-1328,0.854701655
2019-1120-1234,0.823995455
2019-1120-1388,0.883261615
2019-1120-1332,0.716430719
2019-1120-1414,0.885500042
2019-1120-1330,0.480084096
2019-1120-1159,0.9191104
2019-1120-1205,0.960106308
2019-1235-1459,0.219394339
2019-1235-1429,0.268652624
2019-1235-1449,0.270587489
2019-1235-1371,0.202576319
2019-1235-1326,0.316565078
2019-1235-1308,0.528234319
2019-1235-1318,0.5
2019-1235-1209,0.644770853
2019-1235-1101,0.671270649
2019-1235-1233,0.722813904
2019-1235-1438,0.015687993
2019-1235-1397,0.059469597
2019-1235-1345,0.078752198
2019-1235-1243,0.10773106
2019-1235-1458,0.093159196
2019-1235-1437,0.347382305
2019-1235-1153,0.336182434
2019-1235-1279,0.513432768
2019-1235-1328,0.603187439
2019-1235-1234,0.546632928
2019-1235-1388,0.660582732
2019-1235-1332,0.394971706
2019-1235-1414,0.665466148
2019-1235-1330,0.192168854
2019-1235-1159,0.745036822
2019-1235-1205,0.861136363
2019-1459-1429,0.430887876
2019-1459-1449,0.433279738
2019-1459-1371,0.348866329
2019-1459-1326,0.488591177
2019-1459-1308,0.697549593
2019-1459-1318,0.676952772
2019-1459-1209,0.789220635
2019-1459-1101,0.809935045
2019-1459-1233,0.843150072
2019-1459-1438,0.032195797
2019-1459-1397,0.110688766
2019-1459-1345,0.14971963
2019-1459-1243,0.199166777
2019-1459-1458,0.174648126
2019-1459-1437,0.520187006
2019-1459-1153,0.506997681
2019-1459-1279,0.684895638
2019-1459-1328,0.757193134
2019-1459-1234,0.712904716
2019-1459-1388,0.800389538
2019-1459-1332,0.573019353
2019-1459-1414,0.803863291
2019-1459-1330,0.332268842
2019-1459-1159,0.857657395
2019-1459-1205,0.927434974
2019-1429-1449,0.256728916
2019-1429-1371,0.189526345
2019-1429-1326,0.299205357
2019-1429-1308,0.507553061
2019-1429-1318,0.483596892
2019-1429-1209,0.628134097
2019-1429-1101,0.652742435
2019-1429-1233,0.708283804
2019-1429-1438,0.014443623
2019-1429-1397,0.054867923
2019-1429-1345,0.072949222
2019-1429-1243,0.10002457
2019-1429-1458,0.08639417
2019-1429-1437,0.329924878
2019-1429-1153,0.31487004
2019-1429-1279,0.492730842
2019-1429-1328,0.582620753
2019-1429-1234,0.52600289
2019-1429-1388,0.645350897
2019-1429-1332,0.375943258
2019-1429-1414,0.646782931
2019-1429-1330,0.179638287
2019-1429-1159,0.728985618
2019-1429-1205,0.850908042
2019-1449-1371,0.318737129
2019-1449-1326,0.460705296
2019-1449-1308,0.673426931
2019-1449-1318,0.65200702
2019-1449-1209,0.769984445
2019-1449-1101,0.789974987
2019-1449-1233,0.829363554
2019-1449-1438,0.028813757
2019-1449-1397,0.100141343
2019-1449-1345,0.136021879
2019-1449-1243,0.181913086
2019-1449-1458,0.159096466
2019-1449-1437,0.492214808
2019-1449-1153,0.479029451
2019-1449-1279,0.660255383
2019-1449-1328,0.736022962
2019-1449-1234,0.689461249
2019-1449-1388,0.781885389
2019-1449-1332,0.54522258
2019-1449-1414,0.785593001
2019-1449-1330,0.30464169
2019-1449-1159,0.843402979
2019-1449-1205,0.919537689
2019-1371-1326,0.456818656
2019-1371-1308,0.669968264
2019-1371-1318,0.648439934
2019-1371-1209,0.767193514
2019-1371-1101,0.789483199
2019-1371-1233,0.82548457
2019-1371-1438,0.02836869
2019-1371-1397,0.098736823
2019-1371-1345,0.134189167
2019-1371-1243,0.17959059
2019-1371-1458,0.157009359
2019-1371-1437,0.48829538
2019-1371-1153,0.475118084
2019-1371-1279,0.656728331
2019-1371-1328,0.732964023
2019-1371-1234,0.686093227
2019-1371-1388,0.779196787
2019-1371-1332,0.541319926
2019-1371-1414,0.782937173
2019-1371-1330,0.301329439
2019-1371-1159,0.841315374
2019-1371-1205,0.918370068
2019-1326-1308,0.645747921
2019-1326-1318,0.625603096
2019-1326-1209,0.747158767
2019-1326-1101,0.768766777
2019-1326-1233,0.809400996
2019-1326-1438,0.025491939
2019-1326-1397,0.089563144
2019-1326-1345,0.122168094
2019-1326-1243,0.164274075
2019-1326-1458,0.143282321
2019-1326-1437,0.46147554
2019-1326-1153,0.448418901
2019-1326-1279,0.63477562
2019-1326-1328,0.711373812
2019-1326-1234,0.66246001
2019-1326-1388,0.760112287
2019-1326-1332,0.514475416
2019-1326-1414,0.764076642
2019-1326-1330,0.279163227
2019-1326-1159,0.826377456
2019-1326-1205,0.909929912
2019-1308-1318,0.462969188
2019-1308-1209,0.611696609
2019-1308-1101,0.640876879
2019-1308-1233,0.692080572
2019-1308-1438,0.013525859
2019-1308-1397,0.051456828
2019-1308-1345,0.06862421
2019-1308-1243,0.09425752
2019-1308-1458,0.081341972
2019-1308-1437,0.312076943
2019-1308-1153,0.300856806
2019-1308-1279,0.476307306
2019-1308-1328,0.566304069
2019-1308-1234,0.509578278
2019-1308-1388,0.628797984
2019-1308-1332,0.361254568
2019-1308-1414,0.634284976
2019-1308-1330,0.170148878
2019-1308-1159,0.715796539
2019-1308-1205,0.842348978
2019-1318-1209,0.677503917
2019-1318-1101,0.702408089
2019-1318-1233,0.750884441
2019-1318-1438,0.018126168
2019-1318-1397,0.065284177
2019-1318-1345,0.089923464
2019-1318-1243,0.122466623
2019-1318-1458,0.106138696
2019-1318-1437,0.379412499
2019-1318-1153,0.367520183
2019-1318-1279,0.549538127
2019-1318-1328,0.639417367
2019-1318-1234,0.582592749
2019-1318-1388,0.692268319
2019-1318-1332,0.429491708
2019-1318-1414,0.69690507
2019-1318-1330,0.215662196
2019-1318-1159,0.771573397
2019-1318-1205,0.877602879
2019-1209-1101,0.728822344
2019-1209-1233,0.774386168
2019-1209-1438,0.020630229
2019-1209-1397,0.073670067
2019-1209-1345,0.101131903
2019-1209-1243,0.137120211
2019-1209-1458,0.119103763
2019-1209-1437,0.409650016
2019-1209-1153,0.397197729
2019-1209-1279,0.581771582
2019-1209-1328,0.66583583
2019-1209-1234,0.614874988
2019-1209-1388,0.719222313
2019-1209-1332,0.461409099
2019-1209-1414,0.723615276
2019-1209-1330,0.238436901
2019-1209-1159,0.793668043
2019-1209-1205,0.890901826
2019-1101-1233,0.718362392
2019-1101-1438,0.015345738
2019-1101-1397,0.058206693
2019-1101-1345,0.07716308
2019-1101-1243,0.105624228
2019-1101-1458,0.091308176
2019-1101-1437,0.342661239
2019-1101-1153,0.331567325
2019-1101-1279,0.507907977
2019-1101-1328,0.597691638
2019-1101-1234,0.541132236
2019-1101-1388,0.65560825
2019-1101-1332,0.389836672
2019-1101-1414,0.660526455
2019-1101-1330,0.188760078
2019-1101-1159,0.74081374
2019-1101-1205,0.858465111
2019-1233-1438,0.015606135
2019-1233-1397,0.059167739
2019-1233-1345,0.078372601
2019-1233-1243,0.107228039
2019-1233-1458,0.092717144
2019-1233-1437,0.346258513
2019-1233-1153,0.335083828
2019-1233-1279,0.512122598
2019-1233-1328,0.601883407
2019-1233-1234,0.54532867
2019-1233-1388,0.659406026
2019-1233-1332,0.393750236
2019-1233-1414,0.664297768
2019-1233-1330,0.191356132
2019-1233-1159,0.744039276
2019-1233-1205,0.860506649
2019-1438-1397,0.517999821
2019-1438-1345,0.604244646
2019-1438-1243,0.682273984
2019-1438-1458,0.646277138
2019-1438-1437,0.903635869
2019-1438-1153,0.898936682
2019-1438-1279,0.956786298
2019-1438-1328,0.969468249
2019-1438-1234,0.955482815
2019-1438-1388,0.971936144
2019-1438-1332,0.920610407
2019-1438-1414,0.972525743
2019-1438-1330,0.808870466
2019-1438-1159,0.981126627
2019-1438-1205,0.992357482
2019-1397-1345,0.666964766
2019-1397-1243,0.738810162
2019-1397-1458,0.706460638
2019-1397-1437,0.925102584
2019-1397-1153,0.921562704
2019-1397-1279,0.961154293
2019-1397-1328,0.972592117
2019-1397-1234,0.965917803
2019-1397-1388,0.978545925
2019-1397-1332,0.938541194
2019-1397-1414,0.978999773
2019-1397-1330,0.847973964
2019-1397-1159,0.985644029
2019-1397-1205,0.993156551
2019-1345-1243,0.428952035
2019-1345-1458,0.390580199
2019-1345-1437,0.768247315
2019-1345-1153,0.756340271
2019-1345-1279,0.867875842
2019-1345-1328,0.904111593
2019-1345-1234,0.882439406
2019-1345-1388,0.924688107
2019-1345-1332,0.80188174
2019-1345-1414,0.925308902
2019-1345-1330,0.600585703
2019-1345-1159,0.947890077
2019-1345-1205,0.974702174
2019-1243-1458,0.295640656
2019-1243-1437,0.690243522
2019-1243-1153,0.678843878
2019-1243-1279,0.81715936
2019-1243-1328,0.865178929
2019-1243-1234,0.836260257
2019-1243-1388,0.89193198
2019-1243-1332,0.726725542
2019-1243-1414,0.890600882
2019-1243-1330,0.5
2019-1243-1159,0.925331298
2019-1243-1205,0.963298506
2019-1458-1437,0.582140794
2019-1458-1153,0.569044376
2019-1458-1279,0.736048205
2019-1458-1328,0.800063546
2019-1458-1234,0.76110156
2019-1458-1388,0.837309556
2019-1458-1332,0.626154999
2019-1458-1414,0.835427806
2019-1458-1330,0.386916704
2019-1458-1159,0.885505432
2019-1458-1205,0.942503976
2019-1437-1153,0.558377907
2019-1437-1279,0.727613981
2019-1437-1328,0.793092351
2019-1437-1234,0.753197724
2019-1437-1388,0.833162044
2019-1437-1332,0.624302609
2019-1437-1414,0.834405819
2019-1437-1330,0.380028067
2019-1437-1159,0.881068395
2019-1437-1205,0.940133424
2019-1153-1279,0.625666396
2019-1153-1328,0.703862278
2019-1153-1234,0.654915635
2019-1153-1388,0.753427608
2019-1153-1332,0.505402227
2019-1153-1414,0.757466823
2019-1153-1330,0.271916107
2019-1153-1159,0.821499899
2019-1153-1205,0.906909099
2019-1279-1328,0.868552019
2019-1279-1234,0.816866283
2019-1279-1388,0.878178868
2019-1279-1332,0.706515099
2019-1279-1414,0.880502101
2019-1279-1330,0.468047435
2019-1279-1159,0.915446811
2019-1279-1205,0.964314642
2019-1328-1234,0.678257885
2019-1328-1388,0.772912198
2019-1328-1332,0.532318451
2019-1328-1414,0.776728015
2019-1328-1330,0.293775928
2019-1328-1159,0.836419369
2019-1328-1205,0.92747095
2019-1234-1388,0.817324782
2019-1234-1332,0.600178837
2019-1234-1414,0.820571549
2019-1234-1330,0.355579297
2019-1234-1159,0.870839101
2019-1234-1205,0.934457147
2019-1388-1332,0.445821292
2019-1388-1414,0.710823498
2019-1388-1330,0.229446072
2019-1388-1159,0.783137327
2019-1388-1205,0.884609184
2019-1332-1414,0.865560005
2019-1332-1330,0.443538126
2019-1332-1159,0.907454725
2019-1332-1205,0.95407005
2019-1414-1330,0.205704657
2019-1414-1159,0.760842175
2019-1414-1205,0.871009683
2019-1330-1159,0.962192136
2019-1330-1205,0.981790855
2019-1159-1205,0.868113335
